{"title":"About Me","markdown":{"yaml":{"title":"About Me","page-layout":"article"},"headingText":"👋 Hey there, I’m Sundar!!!","containsRefs":false,"markdown":"\n<div style=\"text-align: center; margin-top: 20px;\">\n  <img src=\"assets/IMG_4194.jpg\" alt=\"Sundarajan's Profile\" width=\"220px\" style=\"border-radius: 16px; box-shadow: 0 4px 12px rgba(0,0,0,0.6);\" />\n</div>\n\n\n\n🚀 A curious mind with a business hustle and a data muscle.\n\nI started my career steering multimillion-dollar growth in India’s booming edtech sector — leading 140+ rockstars, closing deals, and optimizing operations like a boss. 📈 But I didn’t stop there.\n\nNow, I’m in Boston 🐾 chasing my next big adventure — diving deep into data, analytics, and decision science through my **MS in Applied Business Analytics** at Boston University. I’m on a mission to **turn raw data into business gold** — be it through dashboards, Python models, or stakeholder strategies.\n\n---\n\n## 🧩 I’m That Rare Blend of…\n\n- 🎯 Strategic Thinker → Ex-AGM @ BYJU’s, owned P&L and market expansion  \n- 💻 Tech Explorer → Python, SQL, Power BI, Tableau, PySpark  \n- 🧠 Academic Hustler → Dual master’s journey, research in AI, lifelong learner  \n- 🤝 People Leader → Built, mentored, and led cross-functional teams across regions  \n- 🧪 Decision Scientist → Passionate about solving fuzzy problems with sharp logic  \n\n---\n\n## 🎯 What Drives Me?\n\nI’m obsessed with creating *systems that scale* — whether it’s a GTM playbook for a solar startup or a predictive salary model. I believe in blending storytelling + data + design to drive change.\n\nMy goals?\n- Help businesses **see clearly**, act faster, and grow smarter  \n- Work with global teams that value **clarity, creativity, and courage**  \n- Keep learning, keep building, and keep drinking good coffee ☕\n\n---\n\n## 💬 Let’s Connect!\n\nIf you’re into transforming ideas into impact — whether through dashboards, growth hacks, or deep strategy dives — let’s chat!\n\nOr if you just want filter coffee recos in Boston... I’ve got those too ☕😉\n\n","srcMarkdownNoYaml":"\n<div style=\"text-align: center; margin-top: 20px;\">\n  <img src=\"assets/IMG_4194.jpg\" alt=\"Sundarajan's Profile\" width=\"220px\" style=\"border-radius: 16px; box-shadow: 0 4px 12px rgba(0,0,0,0.6);\" />\n</div>\n\n\n# 👋 Hey there, I’m Sundar!!!\n\n🚀 A curious mind with a business hustle and a data muscle.\n\nI started my career steering multimillion-dollar growth in India’s booming edtech sector — leading 140+ rockstars, closing deals, and optimizing operations like a boss. 📈 But I didn’t stop there.\n\nNow, I’m in Boston 🐾 chasing my next big adventure — diving deep into data, analytics, and decision science through my **MS in Applied Business Analytics** at Boston University. I’m on a mission to **turn raw data into business gold** — be it through dashboards, Python models, or stakeholder strategies.\n\n---\n\n## 🧩 I’m That Rare Blend of…\n\n- 🎯 Strategic Thinker → Ex-AGM @ BYJU’s, owned P&L and market expansion  \n- 💻 Tech Explorer → Python, SQL, Power BI, Tableau, PySpark  \n- 🧠 Academic Hustler → Dual master’s journey, research in AI, lifelong learner  \n- 🤝 People Leader → Built, mentored, and led cross-functional teams across regions  \n- 🧪 Decision Scientist → Passionate about solving fuzzy problems with sharp logic  \n\n---\n\n## 🎯 What Drives Me?\n\nI’m obsessed with creating *systems that scale* — whether it’s a GTM playbook for a solar startup or a predictive salary model. I believe in blending storytelling + data + design to drive change.\n\nMy goals?\n- Help businesses **see clearly**, act faster, and grow smarter  \n- Work with global teams that value **clarity, creativity, and courage**  \n- Keep learning, keep building, and keep drinking good coffee ☕\n\n---\n\n## 💬 Let’s Connect!\n\nIf you’re into transforming ideas into impact — whether through dashboards, growth hacks, or deep strategy dives — let’s chat!\n\nOr if you just want filter coffee recos in Boston... I’ve got those too ☕😉\n\n"},"formats":{"html":{"identifier":{"display-name":"HTML","target-format":"html","base-format":"html"},"execute":{"fig-width":7,"fig-height":5,"fig-format":"retina","fig-dpi":96,"df-print":"default","error":false,"eval":true,"cache":null,"freeze":false,"echo":true,"output":true,"warning":true,"include":true,"keep-md":false,"keep-ipynb":false,"ipynb":null,"enabled":null,"daemon":null,"daemon-restart":false,"debug":false,"ipynb-filters":[],"ipynb-shell-interactivity":null,"plotly-connected":true,"engine":"markdown"},"render":{"keep-tex":false,"keep-typ":false,"keep-source":false,"keep-hidden":false,"prefer-html":false,"output-divs":true,"output-ext":"html","fig-align":"default","fig-pos":null,"fig-env":null,"code-fold":"none","code-overflow":"scroll","code-link":false,"code-line-numbers":false,"code-tools":false,"tbl-colwidths":"auto","merge-includes":true,"inline-includes":false,"preserve-yaml":false,"latex-auto-mk":true,"latex-auto-install":true,"latex-clean":true,"latex-min-runs":1,"latex-max-runs":10,"latex-makeindex":"makeindex","latex-makeindex-opts":[],"latex-tlmgr-opts":[],"latex-input-paths":[],"latex-output-dir":null,"link-external-icon":false,"link-external-newwindow":false,"self-contained-math":false,"format-resources":[],"notebook-links":true},"pandoc":{"standalone":true,"wrap":"none","default-image-extension":"png","to":"html","css":["styles.css"],"output-file":"index.html"},"language":{"toc-title-document":"Table of contents","toc-title-website":"On this page","related-formats-title":"Other Formats","related-notebooks-title":"Notebooks","source-notebooks-prefix":"Source","other-links-title":"Other Links","code-links-title":"Code Links","launch-dev-container-title":"Launch Dev Container","launch-binder-title":"Launch Binder","article-notebook-label":"Article Notebook","notebook-preview-download":"Download Notebook","notebook-preview-download-src":"Download Source","notebook-preview-back":"Back to Article","manuscript-meca-bundle":"MECA Bundle","section-title-abstract":"Abstract","section-title-appendices":"Appendices","section-title-footnotes":"Footnotes","section-title-references":"References","section-title-reuse":"Reuse","section-title-copyright":"Copyright","section-title-citation":"Citation","appendix-attribution-cite-as":"For attribution, please cite this work as:","appendix-attribution-bibtex":"BibTeX citation:","appendix-view-license":"View License","title-block-author-single":"Author","title-block-author-plural":"Authors","title-block-affiliation-single":"Affiliation","title-block-affiliation-plural":"Affiliations","title-block-published":"Published","title-block-modified":"Modified","title-block-keywords":"Keywords","callout-tip-title":"Tip","callout-note-title":"Note","callout-warning-title":"Warning","callout-important-title":"Important","callout-caution-title":"Caution","code-summary":"Code","code-tools-menu-caption":"Code","code-tools-show-all-code":"Show All Code","code-tools-hide-all-code":"Hide All Code","code-tools-view-source":"View Source","code-tools-source-code":"Source Code","tools-share":"Share","tools-download":"Download","code-line":"Line","code-lines":"Lines","copy-button-tooltip":"Copy to Clipboard","copy-button-tooltip-success":"Copied!","repo-action-links-edit":"Edit this page","repo-action-links-source":"View source","repo-action-links-issue":"Report an issue","back-to-top":"Back to top","search-no-results-text":"No results","search-matching-documents-text":"matching documents","search-copy-link-title":"Copy link to search","search-hide-matches-text":"Hide additional matches","search-more-match-text":"more match in this document","search-more-matches-text":"more matches in this document","search-clear-button-title":"Clear","search-text-placeholder":"","search-detached-cancel-button-title":"Cancel","search-submit-button-title":"Submit","search-label":"Search","toggle-section":"Toggle section","toggle-sidebar":"Toggle sidebar navigation","toggle-dark-mode":"Toggle dark mode","toggle-reader-mode":"Toggle reader mode","toggle-navigation":"Toggle navigation","crossref-fig-title":"Figure","crossref-tbl-title":"Table","crossref-lst-title":"Listing","crossref-thm-title":"Theorem","crossref-lem-title":"Lemma","crossref-cor-title":"Corollary","crossref-prp-title":"Proposition","crossref-cnj-title":"Conjecture","crossref-def-title":"Definition","crossref-exm-title":"Example","crossref-exr-title":"Exercise","crossref-ch-prefix":"Chapter","crossref-apx-prefix":"Appendix","crossref-sec-prefix":"Section","crossref-eq-prefix":"Equation","crossref-lof-title":"List of Figures","crossref-lot-title":"List of Tables","crossref-lol-title":"List of Listings","environment-proof-title":"Proof","environment-remark-title":"Remark","environment-solution-title":"Solution","listing-page-order-by":"Order By","listing-page-order-by-default":"Default","listing-page-order-by-date-asc":"Oldest","listing-page-order-by-date-desc":"Newest","listing-page-order-by-number-desc":"High to Low","listing-page-order-by-number-asc":"Low to High","listing-page-field-date":"Date","listing-page-field-title":"Title","listing-page-field-description":"Description","listing-page-field-author":"Author","listing-page-field-filename":"File Name","listing-page-field-filemodified":"Modified","listing-page-field-subtitle":"Subtitle","listing-page-field-readingtime":"Reading Time","listing-page-field-wordcount":"Word Count","listing-page-field-categories":"Categories","listing-page-minutes-compact":"{0} min","listing-page-category-all":"All","listing-page-no-matches":"No matching items","listing-page-words":"{0} words","listing-page-filter":"Filter","draft":"Draft"},"metadata":{"lang":"en","fig-responsive":true,"quarto-version":"1.7.13","theme":"darkly","title":"About Me","page-layout":"article"},"extensions":{"book":{"multiFile":true}}}},"projectFormats":["html"]}