{"title":"Projects","markdown":{"yaml":{"title":"Projects","page-layout":"article"},"headingText":"🧠 Highlight Projects","containsRefs":false,"markdown":"\n\n\nA collection of real-world challenges I’ve tackled — using data, strategy, and creative problem-solving. Each one taught me something new and helped me connect dots across business, tech, and analytics.\n\n---\n\n## 📊 Salary Forecasting Using Python & Power BI\n\n**Goal:** Predict salaries based on job title, education level, and location.  \n**Stack:** Python (Pandas, Sklearn), SQL, Power BI  \n**What I Did:**  \n- Cleaned & engineered variables from raw survey data  \n- Built regression model with 85% R² accuracy  \n- Visualized role-based salary distribution and geographic variance  \n**Impact:** Enabled compensation benchmarking for HR use cases  \n🎯 *Turned raw CSV into insight-packed dashboards + ML predictions*\n\n![Salary Forecast Dashboard](assets/1.png){width=100% style=\"border-radius: 8px; margin-top: 12px;\"}\n\n---\n\n## 🧪 Flint Water Crisis – Project Decision Framework\n\n**Approach:** SWOT + PESTEL analysis to dissect one of the most talked-about policy failures  \n**What I Did:**  \n- Mapped stakeholder failures and blind spots  \n- Evaluated long-term risks and root causes using decision science  \n- Designed 3-phase recovery plan using project management strategies  \n**Impact:** Academic + practical framework for evaluating infrastructure breakdowns\n\n![Flint Water Crisis](assets/2.png){width=100% style=\"border-radius: 8px; margin-top: 12px;\"}\n\n---\n\n## 🚗 Parking Lot App – Stakeholder Influence Mapping\n\n**Objective:** Shift stakeholder attitudes to support app adoption  \n**What I Did:**  \n- Categorized stakeholders from “Unaware” to “Cheerleaders”  \n- Created an influence–interest matrix  \n- Aligned communication strategy to sentiment shifts  \n**Outcome:** Simulated user journey + engagement strategy using change management tools\n\n---\n\n## 🌍 GTM Strategy – Light The World (Sustainable Solar Startup)\n\n**Goal:** Develop market entry strategy for low-cost solar kits in rural Africa  \n**Stack:** Excel, Market Research, Python (for NPV simulation)  \n**What I Did:**  \n- Segmented customers and modeled CAC/LTV  \n- Crafted pricing and channel strategy  \n- Built an NPV model for 3-year projection  \n**Result:** Strategy was shortlisted in a global social impact accelerator 💡\n\n![Sustainable Solar Project](assets/3.png){width=100% style=\"border-radius: 8px; margin-top: 12px;\"}\n\n---\n\n---\n\n## 🏠 New York Real Estate – Predictive, Prescriptive & Descriptive Analysis\n\n**Goal:** Analyze and forecast real estate trends across boroughs in NYC  \n**Approach:** Combined exploratory data analysis (descriptive), regression modeling (predictive), and price-based optimization (prescriptive)  \n**Stack:** Python, Pandas, Matplotlib, Scikit-learn, Solver\n\n**What I Did:**  \n- Conducted trend analysis on historical housing prices  \n- Built a linear regression model to forecast property values by zip code  \n- Used Solver in Excel to prescribe optimal pricing zones for buyers and investors  \n- Visualized borough-wise differences using interactive plots and dashboards  \n\n**Impact:** Helped simulate pricing behavior under different policy or economic assumptions, valuable for urban planners and investors\n\n📈 *Blended the full power of analytics: past, present, and future.*\n\n![NYC Housing Chinatown](assets/4.png){width=100% style=\"border-radius: 8px; margin-top: 12px;\"}\n\n","srcMarkdownNoYaml":"\n\n# 🧠 Highlight Projects\n\nA collection of real-world challenges I’ve tackled — using data, strategy, and creative problem-solving. Each one taught me something new and helped me connect dots across business, tech, and analytics.\n\n---\n\n## 📊 Salary Forecasting Using Python & Power BI\n\n**Goal:** Predict salaries based on job title, education level, and location.  \n**Stack:** Python (Pandas, Sklearn), SQL, Power BI  \n**What I Did:**  \n- Cleaned & engineered variables from raw survey data  \n- Built regression model with 85% R² accuracy  \n- Visualized role-based salary distribution and geographic variance  \n**Impact:** Enabled compensation benchmarking for HR use cases  \n🎯 *Turned raw CSV into insight-packed dashboards + ML predictions*\n\n![Salary Forecast Dashboard](assets/1.png){width=100% style=\"border-radius: 8px; margin-top: 12px;\"}\n\n---\n\n## 🧪 Flint Water Crisis – Project Decision Framework\n\n**Approach:** SWOT + PESTEL analysis to dissect one of the most talked-about policy failures  \n**What I Did:**  \n- Mapped stakeholder failures and blind spots  \n- Evaluated long-term risks and root causes using decision science  \n- Designed 3-phase recovery plan using project management strategies  \n**Impact:** Academic + practical framework for evaluating infrastructure breakdowns\n\n![Flint Water Crisis](assets/2.png){width=100% style=\"border-radius: 8px; margin-top: 12px;\"}\n\n---\n\n## 🚗 Parking Lot App – Stakeholder Influence Mapping\n\n**Objective:** Shift stakeholder attitudes to support app adoption  \n**What I Did:**  \n- Categorized stakeholders from “Unaware” to “Cheerleaders”  \n- Created an influence–interest matrix  \n- Aligned communication strategy to sentiment shifts  \n**Outcome:** Simulated user journey + engagement strategy using change management tools\n\n---\n\n## 🌍 GTM Strategy – Light The World (Sustainable Solar Startup)\n\n**Goal:** Develop market entry strategy for low-cost solar kits in rural Africa  \n**Stack:** Excel, Market Research, Python (for NPV simulation)  \n**What I Did:**  \n- Segmented customers and modeled CAC/LTV  \n- Crafted pricing and channel strategy  \n- Built an NPV model for 3-year projection  \n**Result:** Strategy was shortlisted in a global social impact accelerator 💡\n\n![Sustainable Solar Project](assets/3.png){width=100% style=\"border-radius: 8px; margin-top: 12px;\"}\n\n---\n\n---\n\n## 🏠 New York Real Estate – Predictive, Prescriptive & Descriptive Analysis\n\n**Goal:** Analyze and forecast real estate trends across boroughs in NYC  \n**Approach:** Combined exploratory data analysis (descriptive), regression modeling (predictive), and price-based optimization (prescriptive)  \n**Stack:** Python, Pandas, Matplotlib, Scikit-learn, Solver\n\n**What I Did:**  \n- Conducted trend analysis on historical housing prices  \n- Built a linear regression model to forecast property values by zip code  \n- Used Solver in Excel to prescribe optimal pricing zones for buyers and investors  \n- Visualized borough-wise differences using interactive plots and dashboards  \n\n**Impact:** Helped simulate pricing behavior under different policy or economic assumptions, valuable for urban planners and investors\n\n📈 *Blended the full power of analytics: past, present, and future.*\n\n![NYC Housing Chinatown](assets/4.png){width=100% style=\"border-radius: 8px; margin-top: 12px;\"}\n\n"},"formats":{"html":{"identifier":{"display-name":"HTML","target-format":"html","base-format":"html"},"execute":{"fig-width":7,"fig-height":5,"fig-format":"retina","fig-dpi":96,"df-print":"default","error":false,"eval":true,"cache":null,"freeze":false,"echo":true,"output":true,"warning":true,"include":true,"keep-md":false,"keep-ipynb":false,"ipynb":null,"enabled":null,"daemon":null,"daemon-restart":false,"debug":false,"ipynb-filters":[],"ipynb-shell-interactivity":null,"plotly-connected":true,"engine":"markdown"},"render":{"keep-tex":false,"keep-typ":false,"keep-source":false,"keep-hidden":false,"prefer-html":false,"output-divs":true,"output-ext":"html","fig-align":"default","fig-pos":null,"fig-env":null,"code-fold":"none","code-overflow":"scroll","code-link":false,"code-line-numbers":false,"code-tools":false,"tbl-colwidths":"auto","merge-includes":true,"inline-includes":false,"preserve-yaml":false,"latex-auto-mk":true,"latex-auto-install":true,"latex-clean":true,"latex-min-runs":1,"latex-max-runs":10,"latex-makeindex":"makeindex","latex-makeindex-opts":[],"latex-tlmgr-opts":[],"latex-input-paths":[],"latex-output-dir":null,"link-external-icon":false,"link-external-newwindow":false,"self-contained-math":false,"format-resources":[],"notebook-links":true},"pandoc":{"standalone":true,"wrap":"none","default-image-extension":"png","to":"html","css":["styles.css"],"output-file":"projects.html"},"language":{"toc-title-document":"Table of contents","toc-title-website":"On this page","related-formats-title":"Other Formats","related-notebooks-title":"Notebooks","source-notebooks-prefix":"Source","other-links-title":"Other Links","code-links-title":"Code Links","launch-dev-container-title":"Launch Dev Container","launch-binder-title":"Launch Binder","article-notebook-label":"Article Notebook","notebook-preview-download":"Download Notebook","notebook-preview-download-src":"Download Source","notebook-preview-back":"Back to Article","manuscript-meca-bundle":"MECA Bundle","section-title-abstract":"Abstract","section-title-appendices":"Appendices","section-title-footnotes":"Footnotes","section-title-references":"References","section-title-reuse":"Reuse","section-title-copyright":"Copyright","section-title-citation":"Citation","appendix-attribution-cite-as":"For attribution, please cite this work as:","appendix-attribution-bibtex":"BibTeX citation:","appendix-view-license":"View License","title-block-author-single":"Author","title-block-author-plural":"Authors","title-block-affiliation-single":"Affiliation","title-block-affiliation-plural":"Affiliations","title-block-published":"Published","title-block-modified":"Modified","title-block-keywords":"Keywords","callout-tip-title":"Tip","callout-note-title":"Note","callout-warning-title":"Warning","callout-important-title":"Important","callout-caution-title":"Caution","code-summary":"Code","code-tools-menu-caption":"Code","code-tools-show-all-code":"Show All Code","code-tools-hide-all-code":"Hide All Code","code-tools-view-source":"View Source","code-tools-source-code":"Source Code","tools-share":"Share","tools-download":"Download","code-line":"Line","code-lines":"Lines","copy-button-tooltip":"Copy to Clipboard","copy-button-tooltip-success":"Copied!","repo-action-links-edit":"Edit this page","repo-action-links-source":"View source","repo-action-links-issue":"Report an issue","back-to-top":"Back to top","search-no-results-text":"No results","search-matching-documents-text":"matching documents","search-copy-link-title":"Copy link to search","search-hide-matches-text":"Hide additional matches","search-more-match-text":"more match in this document","search-more-matches-text":"more matches in this document","search-clear-button-title":"Clear","search-text-placeholder":"","search-detached-cancel-button-title":"Cancel","search-submit-button-title":"Submit","search-label":"Search","toggle-section":"Toggle section","toggle-sidebar":"Toggle sidebar navigation","toggle-dark-mode":"Toggle dark mode","toggle-reader-mode":"Toggle reader mode","toggle-navigation":"Toggle navigation","crossref-fig-title":"Figure","crossref-tbl-title":"Table","crossref-lst-title":"Listing","crossref-thm-title":"Theorem","crossref-lem-title":"Lemma","crossref-cor-title":"Corollary","crossref-prp-title":"Proposition","crossref-cnj-title":"Conjecture","crossref-def-title":"Definition","crossref-exm-title":"Example","crossref-exr-title":"Exercise","crossref-ch-prefix":"Chapter","crossref-apx-prefix":"Appendix","crossref-sec-prefix":"Section","crossref-eq-prefix":"Equation","crossref-lof-title":"List of Figures","crossref-lot-title":"List of Tables","crossref-lol-title":"List of Listings","environment-proof-title":"Proof","environment-remark-title":"Remark","environment-solution-title":"Solution","listing-page-order-by":"Order By","listing-page-order-by-default":"Default","listing-page-order-by-date-asc":"Oldest","listing-page-order-by-date-desc":"Newest","listing-page-order-by-number-desc":"High to Low","listing-page-order-by-number-asc":"Low to High","listing-page-field-date":"Date","listing-page-field-title":"Title","listing-page-field-description":"Description","listing-page-field-author":"Author","listing-page-field-filename":"File Name","listing-page-field-filemodified":"Modified","listing-page-field-subtitle":"Subtitle","listing-page-field-readingtime":"Reading Time","listing-page-field-wordcount":"Word Count","listing-page-field-categories":"Categories","listing-page-minutes-compact":"{0} min","listing-page-category-all":"All","listing-page-no-matches":"No matching items","listing-page-words":"{0} words","listing-page-filter":"Filter","draft":"Draft"},"metadata":{"lang":"en","fig-responsive":true,"quarto-version":"1.7.13","theme":"darkly","title":"Projects","page-layout":"article"},"extensions":{"book":{"multiFile":true}}}},"projectFormats":["html"]}